상품코드,판매일수,총판매수량,총폐기수량,총입고수량,첫판매일,최근판매일
8809197840107,661,5631,22,5591,2025-03-04,2026-03-05
0000088002798,727,2948,4,2786,2025-03-04,2026-03-05
8809197840091,603,2520,12,2250,2025-03-04,2026-03-05
8809197840336,521,1533,2,1236,2025-03-05,2026-03-04
8801056169817,547,1469,36,1040,2025-03-09,2026-03-05
8801047288114,319,1423,4,1040,2025-03-04,2026-01-19
8801115114154,534,1357,13,1153,2025-03-04,2026-03-05
8801056175955,318,1285,0,966,2025-03-04,2026-03-05
8801056193010,386,1260,0,858,2025-03-05,2026-03-05
8801094082604,375,1243,0,876,2025-03-04,2026-03-04
8801115135708,385,1167,10,894,2025-03-05,2026-03-05
8801056240998,432,1035,5,804,2025-03-07,2026-03-05
8801056018979,441,1031,0,660,2025-03-05,2026-03-04
8806011416685,200,1016,14,774,2025-09-29,2026-03-05
8801097250079,480,1010,4,714,2025-03-06,2026-03-04
4897036691120,428,1003,1,708,2025-03-07,2026-03-05
8808244201014,372,970,1,660,2025-03-04,2026-03-04
8801094202606,351,941,0,588,2025-03-07,2026-03-04
8801115114031,461,850,3,594,2025-03-05,2026-03-05
4897036692424,376,827,0,546,2025-03-04,2026-03-05
4897036693339,396,826,2,618,2025-03-05,2026-03-05
8801094017606,431,809,0,468,2025-03-04,2026-03-04
8801115134213,390,775,14,478,2025-03-05,2026-03-04
8801056171032,241,764,0,522,2025-03-22,2026-03-04
8801069171067,351,763,0,540,2025-03-09,2026-03-04
8801115134220,313,755,5,492,2025-08-09,2026-03-05
8801094083205,268,748,0,396,2025-03-04,2026-03-02
8801056177584,288,743,0,402,2025-03-06,2026-03-04
8801121043561,366,742,0,477,2025-03-04,2026-03-05
8801104944915,283,734,1,450,2025-03-04,2026-03-04
8801056075385,423,716,24,528,2025-03-04,2026-03-05
8806002001845,128,702,0,310,2025-03-04,2026-03-04
4897036691007,308,697,2,360,2025-03-08,2026-03-05
8801094013004,360,688,0,438,2025-03-04,2026-03-05
8801104946285,328,679,0,376,2025-03-06,2026-03-05
8801094502669,244,677,0,414,2025-03-06,2026-03-03
8803186200125,178,670,0,360,2025-08-09,2026-03-05
8801043022781,207,644,1,280,2025-03-08,2026-03-05
8801056249212,283,640,2,300,2025-06-04,2026-03-04
8801115114727,356,629,6,442,2025-03-07,2026-03-04
8801037087543,285,623,0,444,2025-03-04,2026-03-05
8801115212713,208,622,0,328,2025-08-09,2026-03-02
8801056002725,255,615,2,282,2025-03-05,2026-03-04
8801382151449,247,581,0,294,2025-03-05,2026-03-04
8801104946261,318,576,0,309,2025-03-05,2026-03-04
8801094082406,250,569,1,252,2025-07-26,2026-03-03
8801056175900,217,567,0,270,2025-03-08,2026-03-04
8801121024737,258,564,8,292,2025-03-05,2026-03-04
8801119221117,135,541,0,168,2025-04-08,2026-02-28
8801056049201,236,537,1,366,2025-03-06,2026-03-05
8801094000288,246,529,1,264,2025-04-14,2026-02-28
8801094412005,241,528,0,306,2025-03-05,2026-03-04
8801115136682,195,523,0,269,2025-08-28,2026-03-04
8801056083571,281,522,0,400,2025-03-04,2026-03-05
8801115115113,219,512,0,185,2025-03-05,2026-03-04
8801056245085,201,509,0,282,2025-03-18,2026-03-04
8801037086942,320,480,2,229,2025-03-07,2026-03-05
8801056018900,212,476,0,330,2025-03-04,2026-03-05
8801104948272,324,469,2,241,2025-03-04,2026-03-04
8801104944939,220,464,0,294,2025-03-14,2026-03-04
8801115382003,309,451,0,259,2025-03-04,2026-03-05
8801382124849,243,450,0,216,2025-03-11,2026-03-05
8801382135036,191,446,0,150,2025-03-05,2026-03-01
8801056098834,227,445,6,258,2025-03-07,2026-03-04
8801094412371,204,443,0,180,2025-03-04,2026-03-02
8801094012403,298,435,0,192,2025-03-05,2026-03-05
8801121761823,190,431,0,150,2025-03-05,2026-03-05
8801094362706,254,429,0,222,2025-03-04,2026-03-04
8801223100261,156,417,0,258,2025-03-08,2026-03-05
4005906404835,219,413,2,186,2025-03-05,2026-03-03
8801094000554,176,412,0,180,2025-08-02,2026-03-02
8801115382102,256,410,1,202,2025-03-04,2026-03-04
8801037087550,191,408,6,240,2025-03-04,2026-03-05
8801382126560,221,404,0,144,2025-03-11,2026-03-04
8801121106792,177,396,3,180,2025-03-05,2026-03-05
8806002001685,173,395,2,250,2025-03-07,2026-03-05
8801382148449,185,395,0,192,2025-03-04,2026-03-01
8801056049881,143,391,0,220,2025-03-15,2026-02-28
8801104948760,234,390,0,199,2025-03-05,2026-03-02
8801121771402,221,386,0,197,2025-03-07,2026-03-02
8801094013615,121,385,0,144,2025-08-09,2026-03-04
8801037093766,140,382,0,138,2025-03-09,2026-03-04
8801115139836,163,381,0,260,2025-03-04,2026-03-04
8801037064346,200,379,0,168,2025-03-06,2026-03-04
8801155745004,222,378,0,170,2025-03-11,2026-03-05
8801056234423,227,377,5,258,2025-03-07,2026-03-05
8801047284482,198,374,0,174,2025-03-14,2026-03-05
4897036695340,198,372,0,282,2025-03-04,2026-03-05
4897036692073,141,370,0,234,2025-03-06,2026-03-02
8801094602703,202,369,0,168,2025-03-07,2026-03-01
8801056174149,184,365,0,204,2025-03-08,2026-03-03
8801056192013,256,362,0,192,2025-03-07,2026-03-05
8801056248758,194,361,0,168,2025-03-29,2026-03-05
8801056018948,179,360,0,210,2025-03-04,2026-03-04
8801753100298,164,355,2,159,2025-03-05,2026-03-04
8806002009957,172,355,0,228,2025-03-06,2026-03-05
8801155745387,240,353,1,195,2025-08-09,2026-03-05
8801753110976,182,353,1,166,2025-08-09,2026-02-26
8801069421476,156,353,0,178,2025-03-28,2026-03-04
8801056083564,215,351,0,160,2025-03-04,2026-03-04
8801105915709,219,351,0,138,2025-03-10,2026-03-03
8809626920295,177,344,0,150,2025-03-09,2026-03-01
8801155721954,225,337,1,189,2025-08-09,2026-03-05
8801056230111,215,336,0,168,2025-03-05,2026-03-02
8801094962104,147,333,0,102,2025-04-01,2026-03-05
8801043450690,155,331,1,108,2025-03-11,2026-03-04
8801056083557,192,331,1,180,2025-03-04,2026-03-04
8801128945073,224,327,1,150,2025-03-23,2026-03-03
8801155744991,204,325,0,151,2025-03-11,2026-03-05
8801056228255,142,323,0,168,2025-03-05,2026-02-28
8809197840282,182,321,1,135,2025-03-11,2026-03-04
8806004000945,123,320,0,162,2025-06-17,2026-03-04
4897036695326,161,320,0,174,2025-03-04,2026-03-04
8801056052218,148,314,0,126,2025-03-16,2026-02-13
8801033000126,186,307,0,130,2025-03-11,2026-03-04
8801056055202,173,305,4,114,2025-03-13,2026-03-01
8801056040925,140,300,0,90,2025-03-14,2026-03-01
8801094017200,177,300,0,150,2025-03-08,2026-03-04
8801223014452,126,294,0,228,2025-05-01,2026-03-05
8801037057843,144,293,0,135,2025-03-07,2026-03-05
8801056755010,210,293,0,90,2025-03-04,2026-03-04
8801121755679,145,292,0,140,2025-03-07,2026-03-05
8801094513009,176,290,0,150,2025-03-10,2026-02-28
8801001238391,124,289,0,90,2025-03-29,2026-03-05
8801128945288,150,286,0,66,2025-03-05,2026-03-03
8806002022185,34,285,0,100,2025-07-02,2026-03-05
8801056249519,139,285,0,150,2025-06-04,2026-03-03
8801056150013,135,283,0,138,2025-03-07,2026-03-03
8801382151777,127,283,0,126,2025-03-15,2026-03-04
8801001236434,92,280,0,42,2025-08-11,2026-03-04
8801094603700,139,280,0,132,2025-03-06,2026-02-24
8801115140016,175,278,0,93,2025-03-05,2026-03-02
8801037087741,150,277,0,174,2025-03-05,2026-03-05
8802774002851,190,275,0,88,2025-03-18,2026-03-05
8801382145769,145,272,0,150,2025-03-12,2026-03-05
8801115140023,167,270,0,84,2025-03-04,2026-03-02
8801056177645,108,268,0,72,2025-03-08,2026-03-04
4897036694817,143,268,0,90,2025-03-12,2026-03-01
8801001236243,80,265,0,48,2025-03-09,2026-03-02
8801056094591,132,264,0,78,2025-03-13,2026-03-04
8801094503000,184,264,0,126,2025-03-04,2026-03-02
8801047287957,66,260,0,180,2026-01-13,2026-03-05
8801121031834,140,260,0,228,2025-03-04,2026-03-02
4901085003800,134,257,0,114,2025-03-10,2026-03-01
8801115224143,119,256,0,93,2025-08-09,2026-03-04
8801121190197,187,252,0,85,2025-03-04,2026-03-05
8801382147060,97,252,2,36,2025-03-23,2026-03-05
8809388464471,146,251,0,63,2025-03-05,2026-03-05
4897036695203,160,250,0,132,2025-03-08,2026-03-04
8801753110501,140,250,2,117,2025-08-06,2025-12-27
8801097150034,178,249,0,84,2025-03-30,2026-03-04
8801001235765,159,248,1,96,2025-03-23,2026-03-03
8801382150206,136,248,0,102,2025-03-05,2026-03-02
8801097280014,55,246,1,80,2025-03-10,2026-03-02
8801382150220,130,246,0,78,2025-03-28,2026-03-01
8808244201045,133,245,0,84,2025-03-10,2026-02-22
8801047284550,144,243,2,84,2025-03-07,2026-03-05
8809388463917,146,243,4,47,2025-03-10,2026-03-05
8801121040416,150,242,0,94,2025-03-09,2026-03-01
8801056044534,167,241,0,114,2025-03-11,2026-03-04
8801056051921,122,241,0,156,2025-03-06,2026-03-01
8801753111201,153,241,3,78,2025-08-09,2026-02-18
8801056038861,138,240,12,48,2025-03-05,2026-03-05
8801094523206,169,237,0,138,2025-03-15,2026-03-04
8801104666152,135,237,0,75,2025-03-12,2026-03-05
8801037006193,107,237,0,138,2025-03-11,2026-02-28
8801155745394,186,236,10,119,2025-04-23,2026-03-04
8809288635315,146,236,0,90,2025-03-04,2026-03-04
8809388464464,161,236,0,52,2025-03-04,2026-03-05
8801121043578,175,235,0,95,2025-03-11,2026-03-03
8801128307239,108,234,0,95,2025-03-15,2026-03-04
8801097160064,128,233,0,72,2025-03-04,2026-03-04
8801223100254,127,230,0,54,2025-03-07,2026-03-04
8806002007298,74,230,0,50,2025-03-08,2026-03-04
8801104667043,115,230,0,143,2025-03-05,2026-03-05
8801117070007,104,230,0,140,2025-03-06,2026-03-04
8801043065467,104,229,0,78,2025-03-11,2026-03-04
8801115382096,172,229,1,105,2025-03-10,2026-03-04
8801115381518,172,228,0,108,2025-03-05,2026-03-03
8801382124528,131,228,0,90,2025-03-06,2026-03-02
8801056233433,130,224,0,48,2025-05-08,2026-03-02
8801037040029,118,222,0,126,2025-03-07,2026-03-05
8801121768174,132,222,0,89,2025-03-21,2026-03-02
8801382148500,129,222,0,102,2025-03-12,2026-03-04
8801056097899,121,222,0,90,2025-03-13,2026-03-02
8801056095413,134,221,0,95,2025-08-09,2026-03-04
8801121107942,115,221,0,50,2025-03-05,2026-03-01
8801121767139,135,221,2,88,2025-03-06,2026-03-01
8801094212728,120,220,0,66,2025-03-06,2026-02-27
8801104250627,126,220,3,121,2025-08-10,2026-03-05
8801115114130,141,220,6,130,2025-03-05,2026-03-04
8801056228927,105,219,0,84,2025-03-05,2026-02-28
8801223014469,92,216,0,138,2025-05-01,2026-03-04
8801037001716,145,213,0,90,2025-03-11,2026-03-02
8801007071046,84,211,0,40,2025-03-07,2026-03-05
8801094083625,90,211,0,66,2025-03-08,2026-03-02
8801121771396,134,209,0,66,2025-03-08,2026-03-02
4897036694565,149,208,0,108,2025-03-05,2026-03-05
8801382126232,98,208,0,72,2025-03-14,2026-03-05
8801037091397,81,207,0,126,2025-03-05,2026-03-04
8809288634967,134,205,0,36,2025-03-08,2026-03-04
8801104250283,127,204,3,119,2025-08-10,2026-02-27
8801155743772,105,204,0,69,2025-03-14,2026-03-01
8806002011967,128,204,0,70,2025-03-14,2026-03-05
8801155735647,107,202,0,64,2025-03-06,2026-03-04
8809388463924,131,202,0,24,2025-03-05,2026-03-05
8801094363000,120,201,0,114,2025-06-27,2026-02-28
8809286693706,96,201,0,93,2025-08-10,2026-03-03
8801056251963,109,200,0,132,2025-11-26,2026-03-05
8801115224303,131,200,1,78,2025-03-04,2026-03-01
8809350881787,132,200,0,112,2025-06-25,2026-03-04
8801056055189,125,199,0,60,2025-03-09,2026-02-22
8801382127789,124,198,0,72,2025-03-10,2026-03-04
8801056083588,128,197,0,80,2025-03-08,2026-03-04
8801094202408,93,196,0,60,2025-05-30,2026-03-04
8809388463931,129,194,0,32,2025-03-14,2026-03-05
8809799270203,125,194,0,78,2025-03-09,2026-02-28
8809274513948,81,194,0,92,2025-08-09,2026-03-03
8808024034085,93,192,0,78,2025-04-18,2026-02-28
8801056251253,94,190,0,102,2025-09-25,2026-03-02
8801094112707,138,190,0,84,2025-03-04,2026-03-04
8801069179223,115,190,0,130,2025-03-14,2026-03-05
8850389100684,139,189,0,83,2025-03-05,2026-03-04
8808024034092,95,188,0,78,2025-04-11,2026-03-05
8801094512668,87,187,0,78,2025-03-06,2026-03-03
8801097150010,123,186,0,66,2025-03-26,2026-02-28
8809422044447,102,186,0,66,2025-03-06,2026-03-03
8801104666176,122,184,0,57,2025-03-12,2026-03-05
8801037057867,94,183,0,60,2025-03-04,2026-03-05
8801056190019,138,182,0,54,2025-03-08,2026-03-04
8806371309818,120,182,0,21,2025-03-06,2026-02-28
8801097334212,64,181,0,72,2025-08-31,2026-03-04
8801382130314,105,178,2,78,2025-03-14,2026-03-04
8806002006437,101,178,0,54,2025-03-04,2026-03-02
8801104946926,134,178,4,73,2025-03-07,2026-03-05
8806371309771,117,177,0,22,2025-03-06,2026-02-24
8801056048129,113,176,0,90,2025-03-06,2026-02-27
8801069174020,81,176,0,48,2025-03-31,2026-03-01
8801094203207,88,176,0,84,2025-03-06,2026-03-04
8801115118886,101,176,0,45,2025-04-16,2026-03-03
8801094052607,68,173,0,54,2025-03-08,2026-01-22
8801753113205,73,171,0,106,2025-08-09,2025-10-18
8801115114390,130,170,1,95,2025-03-06,2026-03-04
8806004407133,100,170,0,30,2025-03-04,2026-03-05
8800297740038,133,168,0,84,2025-03-05,2026-03-02
9002490100070,115,166,0,42,2025-03-06,2026-02-26
8801056168308,100,165,2,77,2025-03-29,2026-03-04
8801037096392,132,163,0,72,2025-03-31,2026-03-04
8801037096378,117,162,0,60,2025-03-13,2026-03-04
8801056251895,77,162,0,72,2025-11-28,2026-03-04
8801033799075,66,162,0,70,2025-03-14,2026-03-04
8801121031858,86,161,0,66,2025-03-06,2026-03-01
8801056094775,113,161,0,54,2025-03-12,2026-03-01
8801069180977,121,160,0,88,2025-08-09,2026-03-04
8801094132705,111,160,0,72,2025-03-04,2026-02-28
8801382143123,98,160,0,60,2025-04-20,2026-02-28
8801115381754,109,160,0,96,2025-03-11,2026-02-28
8801001236199,51,159,0,30,2025-05-16,2026-02-28
8801104946933,115,159,2,73,2025-03-07,2026-03-02
8801155731847,79,159,0,80,2025-03-06,2026-03-04
8801094000394,89,158,0,60,2025-06-18,2026-02-28
4897036693728,92,157,1,84,2025-03-08,2026-03-05
8801047284499,105,156,0,12,2025-03-08,2026-03-05
8801056248567,96,155,0,72,2025-06-05,2026-02-27
8801155743789,109,154,1,43,2025-03-10,2026-03-01
8801056251062,91,153,0,78,2025-10-02,2026-03-01
8801056143015,119,151,0,54,2025-03-05,2026-03-03
8801056623012,97,149,0,38,2025-03-12,2026-03-02
8801115381761,78,149,0,36,2025-03-28,2026-02-28
8801056154011,112,148,2,36,2025-03-11,2026-03-04
8801115384250,75,148,0,44,2025-03-11,2026-02-28
8809274513887,60,148,0,44,2025-08-09,2026-03-04
8801128945745,114,147,0,48,2025-03-04,2026-03-02
8801056043551,86,146,0,90,2025-03-17,2026-02-25
8801097481015,64,146,0,30,2025-04-07,2026-02-27
8801094043278,65,145,0,24,2025-08-09,2026-03-04
8801115140054,93,145,0,43,2025-06-12,2026-03-05
8801069185194,88,143,4,61,2025-08-10,2026-03-04
8801121763933,96,141,0,39,2025-03-09,2026-03-03
8801094113001,122,140,0,78,2025-03-25,2026-03-03
8801382149743,92,140,0,18,2025-03-05,2026-03-04
8806002021096,69,140,0,40,2025-05-27,2026-03-05
8801056096052,88,139,0,54,2025-03-22,2026-03-04
8801105908367,101,139,0,72,2025-03-04,2026-03-04
8801037093742,71,137,0,66,2025-03-12,2026-02-27
8801155743758,81,136,0,45,2025-04-09,2026-02-26
8801155744762,86,136,0,40,2025-03-05,2026-03-03
8801858047399,51,136,0,6,2025-08-10,2026-02-27
8801104667029,98,136,0,73,2025-03-05,2026-03-05
8801056245948,72,135,0,68,2025-03-27,2026-03-05
8801104304023,97,135,0,58,2025-03-11,2026-03-05
8801056248604,65,134,0,42,2025-10-16,2026-02-28
8801104949187,96,134,0,39,2025-03-12,2026-02-28
8801104669658,63,133,0,42,2025-03-08,2026-02-09
8801115118893,84,132,0,38,2025-04-16,2026-03-03
8801121768167,85,132,0,84,2025-08-09,2026-02-28
8808024030803,46,132,1,6,2025-08-16,2026-03-04
8801001238179,59,130,0,18,2025-05-03,2026-03-04
8809388465034,56,129,0,22,2025-03-04,2026-02-09
8801056086565,109,128,0,46,2025-03-04,2026-03-01
8801104949941,53,128,0,6,2025-08-12,2026-02-26
8801115135463,83,128,1,51,2025-03-05,2026-03-02
8801056226459,68,127,0,30,2025-08-12,2026-02-28
8801382137917,78,127,0,18,2025-03-06,2026-03-04
8801037094305,69,127,0,72,2025-03-12,2026-02-20
8801097135413,64,126,0,18,2025-03-13,2026-03-04
8801037009026,37,125,0,48,2025-03-05,2026-01-20
8801115139904,72,125,0,42,2025-03-08,2026-03-02
8801128900201,97,124,0,54,2025-03-04,2026-02-16
8809350881244,76,124,0,54,2025-08-12,2026-03-04
8801056050269,95,123,0,66,2025-03-08,2026-03-01
8801858045258,55,123,0,30,2025-08-09,2026-02-15
8801382146179,40,123,0,24,2025-03-12,2026-03-05
8801047284598,93,122,1,42,2025-03-07,2026-02-28
8801382150497,75,122,0,36,2025-03-15,2026-02-27
8801056247591,60,122,0,40,2025-03-14,2026-01-14
8801104950022,62,122,0,42,2025-08-17,2026-02-25
8801069421445,65,121,0,35,2025-03-28,2026-03-04
8801114106921,89,121,0,35,2025-05-21,2026-02-28
8806371360352,81,121,0,41,2025-06-07,2026-03-05
8801382128045,76,121,0,66,2025-03-04,2026-03-04
8809848280085,54,121,0,42,2025-03-26,2026-02-05
8801128308076,51,120,0,37,2025-04-22,2026-03-03
8809422044430,64,118,0,30,2025-03-04,2026-03-03
8801056716011,58,117,0,36,2025-03-09,2026-03-01
8801115334101,75,117,0,25,2025-03-09,2026-03-02
8801115215851,57,116,0,29,2025-08-10,2026-03-04
8809626921407,51,116,0,18,2025-08-09,2026-02-26
8801115140047,66,116,0,30,2025-03-28,2026-03-02
8801069403724,92,115,2,58,2025-08-17,2026-03-04
8809288634974,71,115,1,30,2025-03-06,2026-02-18
8801382152149,57,115,0,42,2025-05-16,2026-03-01
8801097235014,48,114,0,42,2025-08-15,2026-01-15
8801104221467,90,114,0,34,2025-08-09,2026-03-03
8809350881091,70,114,0,33,2025-08-12,2026-03-04
8806371360369,75,114,0,28,2025-06-07,2026-03-05
8850389118870,74,113,0,6,2025-05-23,2026-03-04
8801753002622,66,112,0,42,2025-03-05,2025-10-15
8801037001730,75,111,0,48,2025-03-04,2026-02-10
8801056048150,76,111,0,36,2025-04-21,2026-03-04
8801056233204,73,111,0,30,2025-03-12,2026-03-05
8801121046012,57,111,0,17,2025-03-10,2026-03-05
8801043650182,57,110,0,30,2025-03-09,2026-02-23
8801037096446,60,110,0,54,2025-03-10,2026-02-23
8801069415550,55,110,0,52,2025-03-07,2025-11-20
8801056839017,85,109,0,60,2025-03-16,2026-03-03
8801097168909,60,109,0,18,2025-03-29,2026-02-03
8800244141536,83,109,0,48,2025-03-05,2025-10-04
8801104306591,78,109,0,48,2025-03-08,2026-03-04
8809388465041,71,109,0,34,2025-03-06,2026-02-10
8801056002701,90,108,0,48,2025-04-26,2026-03-04
8801069408989,77,108,0,20,2025-03-07,2026-02-17
8800261383179,52,108,0,24,2025-03-18,2026-02-17
8801753113199,58,107,0,48,2025-08-09,2025-10-18
8801037042863,86,106,0,48,2025-03-06,2026-03-02
8801056009274,83,106,0,24,2025-03-20,2026-03-01
8801056195014,84,106,0,30,2025-03-08,2026-03-01
8801056624019,69,106,0,28,2025-08-13,2026-03-03
8801056831011,84,106,0,24,2025-03-09,2026-03-05
8809274516215,51,106,2,12,2025-08-12,2026-03-02
8801104950008,52,106,0,30,2025-06-04,2026-03-01
8806002023182,61,106,0,42,2025-10-18,2026-02-23
8801037039993,68,105,2,42,2025-03-04,2026-03-04
8801104304047,67,104,0,29,2025-03-23,2026-03-03
8801105915006,75,104,0,30,2025-03-05,2026-03-04
8809388465058,53,104,0,9,2025-03-06,2026-02-19
8801155735074,66,103,0,21,2025-03-08,2026-03-02
8850389106280,79,103,0,24,2025-03-13,2026-03-04
8800297740076,67,102,0,40,2025-06-04,2026-02-03
8809418770107,75,102,0,0,2025-06-12,2026-02-22
8801155743765,64,101,0,23,2025-03-12,2026-02-26
8801121027523,49,100,0,32,2025-08-16,2026-03-01
8801155740061,48,99,0,18,2025-03-07,2026-03-01
8801069416441,39,98,0,27,2025-08-11,2026-02-25
8801069416458,44,98,0,33,2025-08-11,2026-03-04
8806011416562,37,98,0,10,2025-08-11,2026-03-04
8809125069983,84,98,0,50,2025-03-17,2026-02-28
8801037008173,67,97,0,18,2025-03-18,2026-03-01
8801033775932,4,96,0,0,2025-10-21,2026-01-18
8801037003536,74,96,0,18,2025-03-08,2026-02-27
8801121759943,82,96,0,14,2025-03-04,2026-03-04
8809097856437,41,96,0,10,2025-04-10,2026-03-05
8801047289685,42,96,0,54,2025-08-14,2026-03-03
8801094072667,48,96,0,18,2025-04-30,2026-01-29
8809350882296,74,95,0,38,2025-08-09,2026-02-28
8801056836016,70,94,0,30,2025-03-16,2026-02-16
8806016189010,33,94,0,20,2025-03-23,2026-03-02
8809350881077,67,94,0,24,2025-03-25,2026-03-04
8809350884849,61,94,1,27,2025-08-20,2026-03-02
8809626921612,45,94,0,36,2025-04-24,2026-03-01
8801001238049,46,93,0,30,2025-03-04,2026-02-24
8801037020687,71,93,0,36,2025-08-29,2026-03-02
8801037086195,81,93,0,40,2025-03-10,2026-02-17
8801115334095,64,93,0,27,2025-03-12,2026-03-04
8800261386378,40,92,0,24,2026-01-06,2026-02-26
8801128945462,63,92,0,12,2025-04-27,2026-03-04
8850389119631,75,92,0,54,2025-03-07,2026-02-27
8801033000119,64,91,0,10,2025-03-06,2026-02-23
8801105911312,77,91,0,18,2025-03-10,2026-03-04
8801155418113,77,91,3,25,2025-08-09,2026-01-03
8801121770757,57,91,1,19,2025-09-17,2026-03-05
8809422041125,44,91,0,36,2025-03-07,2026-02-28
3068320024400,59,90,0,30,2025-03-06,2026-02-24
8801155735135,60,90,0,21,2025-03-24,2026-03-04
8800297740014,58,90,0,8,2025-03-15,2026-01-30
8801037092240,39,89,0,31,2025-03-12,2026-02-21
8800244141550,71,88,0,24,2025-03-09,2026-02-12
8800244141611,70,88,0,0,2025-03-12,2025-12-19
8809799270678,31,87,1,48,2025-10-18,2026-02-18
8809495078851,40,87,0,30,2025-03-04,2026-03-02
8806016181915,44,86,0,40,2025-03-12,2026-03-01
8801001236076,32,86,0,18,2025-04-18,2026-02-18
8809197848004,67,86,0,24,2025-04-01,2026-02-27
8809713919027,37,86,0,24,2025-05-18,2025-12-17
8801037035476,73,85,0,30,2025-03-09,2026-02-21
8801105910391,55,85,0,30,2025-03-06,2026-03-04
8801382150770,58,85,0,24,2025-08-12,2026-02-27
8801128306249,37,85,0,23,2025-03-20,2026-02-16
8801382149866,45,85,0,42,2025-05-30,2026-03-03
8801155732769,59,84,0,13,2025-03-24,2026-03-01
8801069415833,51,84,0,24,2025-03-06,2026-02-28
8801104940931,53,84,0,25,2025-03-14,2026-02-27
8801056243258,45,84,0,30,2025-03-16,2026-02-07
8801094362409,64,83,0,30,2025-08-10,2026-03-02
8801069419619,57,83,0,24,2025-04-01,2026-03-05
8808024050382,65,83,0,32,2025-03-25,2026-03-02
8801037091410,42,83,0,12,2025-03-12,2026-02-26
8801037086188,67,82,0,8,2025-03-04,2026-02-22
8801094023218,38,82,0,18,2025-03-24,2026-02-17
8850389120101,58,81,0,24,2025-08-07,2026-03-04
8801155731830,43,81,0,47,2025-10-05,2026-03-04
8806002023168,53,81,0,36,2025-10-21,2026-03-04
8801121048238,65,80,0,27,2025-08-16,2026-03-03
8806124206067,56,80,0,15,2025-10-18,2026-03-01
8808024050429,58,80,0,40,2025-03-19,2026-03-04
8808024050443,65,79,0,24,2025-03-27,2026-02-17
8850389118856,61,79,0,24,2025-08-09,2026-03-03
8801033795916,52,79,0,0,2025-03-18,2026-02-20
8801223014025,36,78,0,18,2025-08-12,2026-03-03
8809846900886,41,78,0,23,2025-04-07,2026-02-23
4897036694534,61,77,0,18,2025-06-05,2026-02-26
8801094083007,63,77,0,18,2025-03-10,2026-03-05
8801094263218,49,77,0,12,2025-04-16,2026-02-27
8801094347208,57,77,0,12,2025-04-13,2026-03-02
8801007178233,42,76,0,0,2025-03-17,2026-03-02
8801013777260,37,76,0,0,2025-08-09,2026-03-05
8801105911299,66,76,0,30,2025-03-21,2026-03-04
8800244141574,64,76,0,42,2025-03-15,2025-09-02
8801121025710,33,76,0,11,2025-03-07,2026-02-11
8801007171210,34,76,0,24,2025-03-05,2025-12-13
8801056049904,48,75,0,24,2025-03-23,2026-02-24
8806004000587,45,75,0,24,2025-03-28,2026-03-01
8809125061857,32,74,0,0,2025-09-04,2026-02-26
8801056071226,57,74,0,12,2025-03-06,2026-03-04
8801094000431,27,73,0,24,2026-02-07,2026-03-03
8801104212601,47,73,0,13,2025-03-07,2026-02-27
8801104669672,40,73,0,12,2025-03-07,2026-02-09
8808024025786,65,73,0,40,2025-03-04,2026-03-05
8801121032435,59,73,0,23,2025-03-04,2026-03-02
8806124206081,54,72,0,20,2025-10-18,2026-03-01
8809286695106,47,72,0,6,2025-07-19,2026-02-21
8801056177553,49,72,0,42,2025-03-12,2026-03-01
8808024031916,50,72,0,36,2025-03-22,2026-02-26
8806016185289,36,70,0,0,2025-08-14,2026-03-03
8809350884856,43,70,2,12,2025-09-04,2026-02-25
8801056247959,31,70,0,36,2025-04-17,2025-10-23
8801121768464,30,69,0,9,2025-03-14,2026-02-21
8801056231682,43,69,0,24,2025-08-09,2026-02-26
8801069416007,41,69,0,23,2025-08-15,2026-03-01
8801104212205,55,69,0,41,2025-08-09,2026-03-01
8801069415567,41,69,0,22,2025-03-06,2025-11-20
8801056249892,32,68,0,12,2025-07-04,2026-02-28
8809350889202,41,68,0,5,2025-09-26,2026-02-08
8809404250088,59,68,0,15,2025-04-26,2026-02-20
8801047284642,31,68,0,0,2025-03-22,2026-02-13
8809197846000,56,68,0,14,2025-04-06,2026-03-01
8801069173788,41,68,0,25,2025-03-14,2026-03-05
8801056248536,42,67,0,0,2025-07-14,2026-02-28
8801069417554,50,67,0,12,2025-04-01,2026-03-01
8809388466116,43,67,0,10,2025-07-03,2026-03-04
8809713910185,34,67,0,18,2025-03-05,2026-03-02
8801115384007,32,67,0,16,2025-08-14,2026-02-27
8800244141598,48,66,0,8,2025-04-16,2026-03-01
8801056251727,33,66,0,54,2026-01-31,2026-03-04
8801094112400,49,66,0,0,2025-03-30,2026-03-03
8808024026981,55,66,0,0,2025-08-14,2026-02-26
8801056248383,47,65,3,10,2025-05-19,2026-02-12
8801115224341,62,65,4,22,2025-03-05,2026-03-01
8809495075478,36,65,0,6,2025-04-18,2026-03-02
8801382147343,39,65,0,6,2025-03-08,2026-03-05
8801105910124,57,64,0,24,2025-03-17,2026-02-28
8809274516277,39,64,0,8,2025-08-11,2026-03-02
8800244141512,40,64,0,8,2025-03-27,2025-08-25
8801104212403,39,63,0,16,2025-03-11,2026-02-27
8801069420745,62,62,1,16,2025-08-11,2026-02-22
8802255808019,45,62,0,30,2025-03-17,2026-02-25
8809330479928,23,62,0,30,2025-09-19,2026-02-25
8801033770357,53,62,0,9,2025-03-05,2026-02-25
8801037067897,52,62,0,42,2025-03-22,2026-02-26
8801094000240,31,61,0,6,2025-05-27,2026-02-26
8801094133009,55,61,0,24,2025-03-25,2026-02-28
8809685311027,33,61,0,0,2025-03-20,2025-12-09
8809695254864,44,61,0,0,2025-03-19,2026-02-14
8800297740090,44,60,0,8,2025-04-06,2026-02-15
8800297740052,51,59,0,16,2025-06-23,2026-02-21
8801037098556,43,59,0,6,2025-08-09,2026-02-26
8801056250065,34,59,0,6,2025-09-02,2026-02-15
8801121768068,54,59,0,7,2025-03-05,2026-03-02
8809404250057,50,59,0,6,2025-03-22,2026-03-02
8801013777468,24,59,0,20,2025-08-13,2026-02-22
8809288635384,30,59,0,19,2025-08-13,2026-02-14
8809345611818,24,59,0,36,2025-03-05,2025-06-30
8801155411817,57,58,1,17,2025-08-13,2026-03-03
8801223014629,34,58,0,12,2025-08-15,2026-02-19
8801056201012,49,58,0,24,2025-03-05,2025-12-26
8809388466123,39,58,0,8,2025-07-27,2026-03-05
8801043020473,30,58,0,30,2025-04-09,2026-03-02
8801753114097,35,58,0,18,2025-03-21,2026-02-17
8809422046045,30,57,0,20,2025-08-22,2026-03-04
8801382152125,34,57,0,18,2025-05-16,2026-02-26
8801115110026,52,56,0,15,2025-08-09,2026-03-05
8801121044698,39,56,0,22,2025-08-09,2026-03-04
8801155735081,42,56,0,8,2025-03-11,2026-03-02
8805915912804,17,56,0,10,2025-07-26,2026-02-26
8801022025086,22,56,0,0,2025-03-10,2026-02-26
8801056231927,40,55,0,6,2025-04-06,2026-01-01
8801056241506,35,55,0,6,2025-03-14,2026-02-04
8801037097122,44,55,0,6,2025-03-26,2026-02-25
8801104948005,34,55,0,8,2025-04-17,2026-03-02
8801037092264,38,55,0,16,2025-03-12,2026-02-21
8806002020334,30,55,0,18,2025-03-07,2026-02-20
8806016182615,11,55,0,60,2025-06-02,2026-02-23
8801056247997,36,54,1,36,2025-04-15,2026-03-05
8801094063283,28,54,0,6,2025-03-06,2026-02-27
8801382127130,29,54,0,30,2025-08-11,2026-02-12
8850389109229,48,54,0,6,2025-04-14,2026-02-28
8801069173795,33,54,0,15,2025-04-18,2026-03-02
8806002020242,10,53,0,0,2025-03-10,2026-03-02
8801115384212,42,53,1,10,2025-04-03,2026-02-25
8801069422091,42,53,0,21,2025-05-10,2026-03-04
8801115140207,24,52,0,13,2025-11-21,2026-02-13
8801056055226,39,52,0,6,2025-03-08,2026-03-01
8801056234065,27,52,0,18,2025-03-07,2025-07-11
8809350884535,28,51,0,4,2025-08-14,2026-02-23
8801037097986,46,51,0,18,2025-06-09,2026-02-17
8801043064088,39,51,0,30,2025-03-11,2026-02-27
8801056178925,33,51,0,18,2025-08-10,2026-02-28
8801155744472,36,51,0,8,2025-03-11,2025-12-07
8801121768440,24,51,0,5,2025-03-11,2026-01-05
8801037039795,45,50,0,16,2025-06-24,2026-02-13
8801104240284,47,50,0,19,2025-08-15,2026-02-23
8801382150626,22,50,0,0,2025-03-20,2026-02-16
8809495077793,31,50,0,6,2025-08-19,2026-03-03
8809495075553,40,50,0,12,2025-05-02,2026-02-20
8801117370800,46,49,0,4,2025-03-11,2026-03-04
8809286695113,36,49,0,0,2025-05-30,2026-02-21
8809350889196,34,49,0,4,2025-09-27,2026-02-18
8801155744489,38,49,0,4,2025-03-10,2025-12-09
8808024031909,32,49,0,18,2025-03-11,2026-02-08
8806002023397,28,49,0,12,2025-03-30,2026-03-02
8801069422671,44,48,0,15,2025-09-04,2026-03-04
8809286694192,39,48,0,20,2025-08-25,2026-02-27
8801104940870,35,48,0,17,2025-08-11,2025-12-27
8801117653408,45,48,0,16,2025-08-28,2026-02-23
8801128283472,32,47,0,6,2025-04-05,2026-02-19
8806002023205,37,47,0,24,2025-03-18,2026-03-04
8801047284581,23,46,0,12,2025-03-20,2026-03-03
8801094266400,42,46,0,6,2025-03-05,2026-02-23
8806002002392,32,46,0,10,2025-08-15,2026-03-04
8808024034269,30,46,0,12,2025-08-15,2026-02-26
8801121026915,17,46,0,11,2025-03-25,2025-09-20
8809226406403,29,45,0,0,2025-03-09,2026-03-01
8809713919522,33,45,0,0,2025-08-10,2026-02-01
8809350883903,35,45,0,3,2025-08-24,2026-02-23
8801121046739,25,45,2,10,2025-03-07,2025-07-25
0000088007519,41,44,0,9,2025-08-21,2026-03-03
8802774001700,37,44,0,10,2025-03-15,2026-02-13
8801115118817,21,43,1,10,2025-03-18,2026-03-02
8806002010861,17,43,0,10,2025-03-11,2026-02-13
8801115213604,29,42,4,7,2025-11-03,2026-02-26
8801094413705,32,42,0,18,2025-05-28,2026-02-20
8801115334460,28,42,0,7,2025-03-04,2025-12-14
8801105915303,34,42,0,0,2025-03-09,2025-11-26
9002490232887,31,42,1,6,2025-03-13,2026-02-16
8801037020519,36,41,0,24,2025-08-10,2026-02-22
8801105907605,24,41,0,6,2025-03-21,2026-03-04
8801105913231,32,41,0,12,2025-03-04,2025-11-10
8809125060638,17,41,0,10,2025-06-09,2026-02-25
8801037098563,30,40,0,12,2025-08-13,2026-03-04
8801104950299,32,40,0,4,2025-06-26,2026-01-28
8801128281003,37,40,0,6,2025-08-09,2026-02-25
8802774003087,29,40,0,10,2025-05-28,2026-02-25
8801043030465,22,40,0,12,2025-04-04,2025-11-15
8801094000318,21,40,0,12,2025-05-01,2026-02-14
8808024034276,30,40,0,18,2025-08-15,2026-02-26
8809495078332,31,40,0,12,2025-03-23,2026-02-19
8808024050481,37,40,0,8,2025-04-04,2026-01-16
8801047495499,19,39,0,0,2025-08-12,2026-01-10
8801121027042,39,39,0,14,2025-08-10,2026-02-28
8802774003063,33,39,0,10,2025-04-01,2026-02-06
8806002023878,32,39,0,16,2025-03-18,2026-03-01
8801155744502,18,39,3,15,2025-08-09,2026-02-15
8806002025421,18,38,0,0,2026-01-01,2026-03-03
4711115020024,16,38,0,12,2025-07-20,2026-02-11
8801056248451,15,38,0,6,2025-08-31,2026-03-01
8809288635377,30,38,0,14,2025-08-13,2026-02-21
8809596939730,32,38,0,6,2025-03-28,2026-02-18
8809226406410,26,37,0,4,2025-03-09,2026-03-04
8801115224372,25,37,0,13,2025-03-08,2025-08-23
8809596939549,31,37,0,24,2025-03-27,2026-02-03
8801037055726,35,36,0,12,2025-06-02,2026-03-04
8800261385821,16,36,0,18,2025-09-12,2025-11-05
8806016182912,21,36,0,10,2025-06-05,2026-03-02
8801037013702,30,35,1,0,2025-03-17,2026-02-13
8803420905618,22,35,0,0,2025-08-17,2025-12-27
8809226406564,17,35,0,0,2025-08-12,2026-02-11
8801382131038,30,35,0,6,2025-03-09,2026-02-23
4897036695616,20,35,0,6,2025-12-26,2026-03-04
8801115136637,23,35,0,8,2025-07-03,2025-10-30
8410261608303,13,34,0,3,2025-10-15,2026-03-03
8803420905595,18,34,0,0,2025-05-22,2025-12-28
8806002025445,15,34,0,18,2026-02-01,2026-03-05
8410261613314,16,34,0,0,2025-10-23,2026-03-05
8809286693713,23,34,0,2,2025-08-12,2025-12-18
8801104242226,33,33,0,11,2025-08-23,2026-02-20
8809846901548,21,33,0,11,2025-08-10,2026-02-16
8800261880074,18,33,0,0,2025-04-27,2025-09-30
8801094512613,21,33,0,12,2025-03-30,2026-03-01
8801056071325,23,32,0,6,2025-04-15,2026-02-24
8801121768129,19,32,0,0,2025-09-29,2026-03-04
8801223013202,16,32,0,0,2025-09-14,2026-02-14
8809846900893,27,32,0,9,2025-03-25,2026-02-25
8801104670876,19,32,0,8,2025-06-02,2026-03-04
8801104948043,20,32,0,0,2025-04-24,2026-02-27
8800261385081,17,31,0,0,2025-10-18,2026-02-26
8801104942935,17,31,0,4,2025-03-23,2026-02-26
8801121044711,24,31,0,4,2025-08-10,2026-03-01
8809695254222,28,31,0,0,2025-03-04,2025-11-16
8801104673211,12,31,0,10,2025-09-23,2026-03-04
8809403539719,16,31,0,0,2025-05-24,2026-01-31
8801056244170,22,30,0,6,2025-03-04,2026-03-03
8806016185265,10,30,0,0,2025-06-16,2025-12-19
8809403539207,17,30,0,0,2025-08-14,2025-12-16
8801056234034,21,30,0,6,2025-03-10,2025-07-10
8801069421582,24,30,0,6,2025-03-06,2025-10-05
8801121021958,22,30,0,0,2025-06-11,2026-02-22
8809422045932,22,30,0,6,2025-04-03,2026-03-01
8801056252243,14,29,0,12,2026-02-17,2026-03-04
8806002024486,24,29,0,0,2025-05-20,2026-02-07
8809644083538,23,29,0,0,2025-05-16,2026-02-27
8801033811357,13,29,0,0,2025-08-21,2026-02-24
8809345610859,16,29,0,0,2025-07-05,2026-03-04
8806002005805,24,28,0,0,2025-08-17,2026-03-04
8806011416142,20,28,0,0,2025-04-02,2025-12-04
8809713919508,24,28,1,6,2025-08-12,2026-02-01
8801069416236,12,28,0,4,2025-03-15,2026-02-24
8712000056896,10,27,0,0,2025-09-19,2026-02-05
8801056475017,27,27,0,12,2025-03-17,2026-02-25
8806011416210,24,27,0,0,2025-05-09,2026-03-01
8806011416579,14,27,0,0,2025-08-15,2026-03-04
8809197840558,19,27,0,15,2025-03-06,2025-10-13
8809813753590,14,27,0,6,2025-03-04,2025-06-19
8801001238438,14,26,0,6,2025-03-09,2025-10-06
8801104950312,22,26,0,9,2025-08-13,2026-01-29
8806016186118,22,26,0,0,2025-08-14,2026-02-11
8808024050597,20,26,0,12,2025-10-02,2026-02-11
8809644083545,23,26,0,0,2025-05-26,2026-02-27
8809713919515,21,26,0,6,2025-08-10,2026-03-04
8801753105514,22,26,0,8,2025-04-07,2026-02-02
8801001238490,19,25,0,0,2025-07-18,2026-02-25
8802259022954,20,25,0,0,2025-08-13,2026-02-25
8801121049280,14,25,1,8,2025-09-07,2026-02-22
8809422046106,18,25,0,12,2025-08-15,2026-02-14
8801056249038,17,24,1,7,2025-07-07,2026-02-11
8801062874941,20,24,0,10,2025-04-27,2025-12-28
8809596939365,22,24,0,0,2025-08-16,2026-03-01
8801033775031,9,24,0,12,2025-11-01,2025-11-30
8801155745929,17,24,0,7,2026-02-03,2026-03-05
8801223014612,17,24,0,12,2025-08-15,2025-10-15
8801104674478,11,24,0,12,2025-03-06,2025-07-25
8801121029541,17,24,0,7,2025-03-11,2026-02-06
8809422041729,11,24,0,12,2025-03-04,2025-06-18
8800244140058,20,23,0,0,2025-03-21,2026-01-01
8801056244392,21,23,0,6,2025-03-06,2026-03-04
8801094062675,11,23,0,0,2025-06-20,2025-09-09
8801104273602,8,23,0,4,2025-08-15,2025-10-13
8806002009391,19,23,0,0,2025-08-10,2026-02-15
8808024025809,21,23,0,0,2025-04-13,2026-02-28
8809184809971,19,23,0,16,2025-03-05,2025-09-21
8800246888811,8,23,0,6,2025-09-14,2026-01-28
8801121022009,18,23,0,4,2025-06-07,2025-10-14
8809286695120,19,23,0,6,2025-06-05,2026-02-03
8801047496083,15,22,0,12,2026-02-03,2026-03-01
8801115224709,21,22,3,16,2025-12-31,2026-02-15
8803420905625,13,22,1,0,2025-08-12,2025-11-19
8808024033644,17,22,0,0,2025-05-26,2026-02-22
8801056245399,18,22,0,6,2025-04-22,2026-03-04
8801097150096,21,22,0,0,2025-03-24,2026-02-22
8801104949231,13,22,0,9,2025-04-26,2026-02-26
8801114174487,13,22,0,0,2025-04-06,2026-02-23
8806002020174,10,22,0,0,2025-03-20,2025-08-14
8806371360154,12,22,0,0,2025-03-10,2025-05-17
8808024050467,18,22,0,0,2025-04-16,2025-10-14
8801104951302,14,21,1,4,2025-11-07,2025-12-23
8808024033668,15,21,0,0,2025-09-07,2026-03-04
8801043650311,12,21,0,0,2025-09-09,2026-02-20
8801104669283,14,21,0,6,2025-11-07,2025-12-24
8801069421780,16,21,0,0,2025-03-14,2025-07-30
8801157470959,10,21,0,0,2025-06-06,2026-01-17
8808024033392,16,21,0,8,2025-03-07,2025-05-17
9002490269951,11,20,0,0,2025-03-04,2026-01-14
8801121048887,7,20,0,2,2025-10-20,2025-11-23
8809288633045,17,20,0,0,2025-03-22,2026-03-01
8801094265205,18,20,0,6,2025-03-05,2026-02-21
8801104948067,14,20,0,6,2025-05-13,2026-02-27
8801121107935,10,20,0,0,2025-09-26,2026-01-24
8806002023991,9,20,0,0,2025-04-15,2026-03-01
8809422045925,17,20,0,0,2025-04-03,2026-02-14
0000088004600,16,19,4,0,2025-08-14,2026-02-01
8801121038499,11,19,0,5,2026-02-26,2026-03-05
8801858048259,11,19,0,8,2025-09-02,2026-02-15
8803420904499,11,19,0,6,2025-03-28,2025-08-12
8801033812293,9,19,0,10,2025-11-20,2026-02-24
8801037077698,14,19,0,0,2025-08-10,2026-02-24
8801128283908,14,19,0,5,2025-10-11,2026-02-12
8809288633595,14,19,0,3,2025-09-14,2026-02-26
8809350881183,14,19,0,3,2025-08-22,2026-03-01
8801069421803,18,19,0,10,2025-03-11,2025-08-03
8801104943505,8,19,0,12,2025-03-04,2025-04-07
8801056250850,10,18,0,0,2025-11-10,2026-01-19
8801117362706,18,18,0,0,2025-06-13,2026-02-04
8801121032145,9,18,0,0,2025-12-08,2026-03-02
8801128283915,16,18,0,5,2025-09-30,2026-01-21
8808024050603,17,18,0,6,2025-10-02,2026-02-11
8801069421575,15,18,0,4,2025-03-13,2025-08-13
8801114106754,18,18,0,0,2025-05-12,2026-02-18
8801056032159,12,17,0,6,2025-09-05,2026-02-25
8801069422695,13,17,0,5,2025-09-05,2026-03-01
8806011416227,17,17,0,0,2025-06-22,2026-02-22
8809685311010,10,17,0,2,2025-08-09,2026-01-12
8801492392510,11,17,0,7,2025-05-12,2025-06-13
8809813753583,10,17,0,0,2025-03-04,2025-12-18
8802774001427,10,16,0,0,2025-03-31,2026-01-31
8806002025346,10,16,0,0,2025-12-13,2026-01-31
8809422040876,6,16,0,0,2025-08-12,2026-02-12
8800261385203,8,16,0,0,2025-11-21,2025-12-19
8801056022150,12,16,0,6,2025-03-20,2026-03-02
8801104946179,13,16,0,4,2025-08-12,2026-03-04
8801001238483,12,15,0,0,2025-07-18,2026-01-26
8801069422619,15,15,0,8,2025-07-10,2025-09-24
8801115115809,9,15,0,0,2025-12-13,2026-03-03
8802774003339,11,15,0,0,2025-08-12,2026-02-21
8806004382119,11,15,0,10,2025-03-05,2025-11-21
4897036695913,6,15,0,6,2026-02-27,2026-03-05
8801056000332,14,15,0,6,2025-08-16,2026-03-02
8801069419596,16,15,1,3,2025-08-11,2026-02-26
8801114174463,9,15,0,0,2025-07-07,2025-12-09
8809288633052,12,15,0,3,2025-08-28,2026-02-26
8801033807893,6,15,0,0,2025-11-03,2026-03-04
8801097235670,9,15,0,6,2025-03-06,2026-02-04
8809184805591,12,15,0,0,2025-03-16,2025-06-07
4901085596333,10,14,0,6,2025-09-16,2026-02-03
8801056227517,11,14,0,0,2025-03-08,2026-02-26
8801056249076,9,14,0,4,2025-07-07,2025-12-16
8801128283595,7,14,0,0,2025-09-20,2026-02-17
8801105000863,14,14,0,0,2025-03-05,2026-03-01
8809288635001,13,14,0,2,2025-03-27,2025-11-21
8800261880012,8,14,0,0,2025-03-17,2025-09-26
8801056245412,11,14,0,6,2025-06-12,2025-11-27
8801062874934,11,14,0,0,2025-04-22,2025-06-18
8801223013509,8,14,0,6,2025-08-10,2025-11-26
8806002023410,9,14,0,0,2025-04-03,2026-03-02
8806006506162,5,14,0,0,2025-12-13,2026-02-11
8809495078301,6,14,0,0,2025-03-07,2025-03-18
4036300110671,11,13,0,0,2025-09-01,2026-02-23
8800261387467,8,13,0,12,2026-02-09,2026-03-01
8801117369408,13,13,0,0,2025-08-13,2026-01-25
8801121033531,7,13,0,3,2025-06-18,2025-10-09
8809695255236,10,13,0,0,2025-10-04,2025-11-20
8801069422442,12,13,0,0,2025-08-11,2025-10-16
8809495076703,7,13,0,0,2025-08-09,2025-09-30
4711115020048,8,13,0,0,2025-07-20,2026-02-11
8800261880029,8,13,0,0,2025-03-17,2025-06-05
8801069420516,12,13,0,0,2025-03-15,2025-06-23
8801069422664,9,13,0,5,2025-09-27,2025-12-10
8801117366803,11,13,0,4,2025-03-15,2025-08-25
8802774001465,11,13,0,0,2025-04-11,2025-08-12
8809197840527,13,13,0,0,2025-04-08,2026-02-13
8809253649507,9,13,0,0,2025-03-24,2025-06-17
8801037022056,5,12,0,0,2025-12-24,2026-03-02
8809041429120,5,12,0,0,2025-09-27,2025-10-31
8809948525864,11,12,0,0,2025-05-29,2026-02-22
8801104943482,4,12,0,0,2025-03-05,2025-03-23
8801155744922,11,12,0,2,2025-03-12,2025-05-19
8801157470928,8,12,1,0,2025-03-24,2025-12-05
8809345610842,11,12,0,0,2025-07-17,2026-02-10
8809495078868,11,12,0,0,2025-03-29,2026-02-22
8801056241780,9,11,0,0,2025-03-16,2025-11-25
8808024033415,10,11,0,0,2025-06-06,2025-09-21
8809184809643,9,11,0,0,2025-06-15,2026-02-18
8809685311034,7,11,0,2,2025-08-17,2025-09-29
8800261880081,10,11,0,0,2025-05-25,2025-09-09
8801115336150,6,11,0,1,2025-12-02,2025-12-16
8805915907213,7,11,0,4,2025-03-11,2025-10-17
8805915907312,7,11,0,4,2025-03-12,2026-01-20
8007885200138,7,11,0,6,2025-07-09,2026-02-27
8801056104641,6,11,0,0,2025-03-17,2025-05-18
8801094326203,7,11,2,0,2025-03-16,2025-07-05
8802774003223,10,11,0,0,2025-05-09,2025-10-21
8801037021981,4,10,0,0,2025-12-24,2026-02-24
8801056227371,8,10,0,0,2025-04-06,2025-12-13
8803420905113,10,10,0,0,2025-03-25,2025-09-08
8801043071956,9,10,0,0,2025-04-18,2025-11-26
8801094000455,8,10,0,0,2025-08-09,2025-09-15
8809422046762,5,10,0,0,2026-02-08,2026-03-04
9002490280956,5,10,0,0,2025-06-08,2025-12-06
8800244141246,9,10,0,0,2025-04-03,2025-06-21
8801037008630,8,10,0,0,2025-05-01,2025-06-26
8801056234027,8,10,0,0,2025-10-22,2026-03-04
8801056610012,10,10,0,0,2025-04-03,2025-06-07
8801069422213,10,10,1,2,2025-05-13,2025-06-24
8801155000523,6,10,1,3,2026-02-12,2026-03-01
8801155744915,10,10,0,0,2025-03-12,2025-05-05
8806371360147,6,10,0,0,2025-04-14,2025-05-31
8809345611801,7,10,0,0,2025-03-05,2025-04-24
8801115213543,6,9,0,3,2025-08-10,2025-11-02
8801155745684,7,9,1,0,2025-10-01,2025-10-24
8801382148654,7,9,0,6,2025-08-09,2025-12-26
8801104665421,6,9,0,4,2025-11-04,2025-12-24
8801121763957,8,9,0,0,2025-08-26,2026-01-19
8809274512651,5,9,0,0,2025-08-19,2026-03-01
8801094342609,7,9,0,0,2025-03-27,2025-08-09
8801094577100,8,9,0,0,2025-03-17,2025-11-09
8801104947190,7,9,0,5,2025-03-25,2025-07-14
8801223013530,6,9,0,0,2025-08-14,2026-01-06
8806011416265,5,9,0,0,2025-07-20,2025-11-15
8809422045109,7,9,0,0,2025-03-10,2025-05-03
9002490286330,5,9,0,0,2025-11-20,2026-02-26
8800244142694,7,8,0,0,2025-07-29,2025-10-23
8801069173603,8,8,0,0,2026-02-20,2026-03-04
8801069422411,4,8,0,5,2025-09-03,2025-09-05
8809274516420,4,8,0,1,2025-09-07,2026-03-01
8801115384014,3,8,0,0,2025-08-10,2025-08-16
8801382152798,5,8,0,0,2026-02-10,2026-02-28
8809556567485,2,8,0,0,2025-08-22,2025-08-30
8800244140010,8,8,0,0,2025-04-23,2025-12-16
8801094547103,8,8,0,6,2025-03-08,2025-08-17
8801492392503,6,8,0,1,2025-05-12,2025-06-07
8802255100403,8,8,0,0,2025-06-11,2026-02-21
8802774002561,6,8,0,10,2025-04-25,2026-02-02
8802774002592,7,8,0,0,2025-03-27,2025-09-12
8802774003247,7,8,0,8,2025-04-25,2025-12-15
8806011416272,5,8,0,0,2025-05-25,2025-08-17
8808024050405,7,8,0,0,2025-04-10,2025-07-05
8808244101109,4,8,0,20,2026-02-17,2026-03-02
8809184805607,7,8,0,0,2025-03-20,2025-10-13
8809197840442,6,8,0,0,2025-04-06,2025-10-10
8809288635483,4,8,0,0,2025-04-23,2025-07-03
8809422045116,7,8,0,0,2025-03-07,2025-05-03
8809495075560,8,8,0,0,2025-03-16,2025-11-18
8802774001373,7,7,0,0,2025-03-31,2025-09-12
8802774003377,7,7,0,0,2025-08-11,2025-11-27
8806016189317,5,7,0,0,2025-05-15,2026-01-28
8809226407196,3,7,0,0,2025-03-14,2025-11-06
8801155000516,4,7,0,3,2026-02-27,2026-03-03
8801104943581,5,7,0,0,2025-03-30,2025-06-15
8809226407349,4,7,0,0,2025-04-30,2025-09-01
8809293686371,3,7,0,0,2025-05-07,2025-08-02
8801858048631,3,6,0,0,2026-03-03,2026-03-03
8809184809995,6,6,0,0,2025-03-15,2025-10-14
4036300069467,5,6,0,0,2025-08-10,2025-11-25
8801056248703,1,6,0,0,2025-09-10,2025-09-10
8801056249359,1,6,0,0,2025-09-10,2025-09-10
8801094542603,4,6,0,0,2025-11-10,2025-11-19
8801104948128,2,6,0,0,2025-12-05,2025-12-15
8801115224617,4,6,0,0,2025-08-29,2025-09-08
2200000046864,3,6,0,0,2025-06-06,2025-10-06
8801104948609,6,6,0,1,2025-05-21,2026-02-26
8809226407356,3,6,0,0,2025-05-20,2025-08-04
8800261387450,3,5,0,0,2026-02-13,2026-03-01
8800261387474,3,5,0,0,2026-02-28,2026-03-01
8801392081484,5,5,0,0,2025-08-13,2025-12-23
8809253649453,3,5,0,0,2025-08-17,2025-09-07
8808244101093,2,5,0,0,2026-02-22,2026-02-23
8809274510893,3,5,0,0,2025-08-19,2025-10-06
8936236410080,5,5,0,0,2025-08-26,2026-02-21
8801094989200,4,5,0,0,2025-03-29,2025-06-06
8801128243193,5,5,0,0,2025-04-19,2025-05-29
8801128307222,5,5,0,0,2025-04-19,2025-05-29
8806107614018,4,5,0,0,2025-05-06,2025-11-28
8809253649538,4,5,0,0,2025-03-07,2025-03-26
8809288635476,3,5,0,0,2025-03-23,2025-04-23
8809618910303,4,5,0,0,2025-03-26,2025-07-05
0000088002293,3,4,0,0,2025-09-04,2025-09-29
8802774001526,4,4,0,0,2025-03-08,2025-12-05
8805489004950,3,4,0,0,2025-09-14,2025-12-06
8809403539221,4,4,0,0,2025-08-15,2025-09-29
8809799270661,2,4,0,0,2025-10-05,2025-10-29
8801033808913,2,4,0,0,2026-02-19,2026-02-27
8801155731625,4,4,0,1,2025-10-10,2025-11-25
8801382152811,3,4,0,0,2026-02-10,2026-02-21
8809274517069,3,4,0,1,2026-03-01,2026-03-04
8809274517076,3,4,0,1,2026-03-01,2026-03-04
8800244140034,4,4,0,0,2025-05-22,2025-06-11
8801104943567,3,4,1,0,2025-03-30,2025-05-15
8801104950787,4,4,0,1,2025-07-17,2025-08-01
8801105000313,4,4,0,0,2025-03-07,2025-05-07
8801115135494,3,4,0,3,2025-03-30,2025-04-02
8801121114308,4,4,0,0,2025-03-14,2025-05-07
8806002010977,3,4,0,0,2025-03-31,2025-06-10
8808024033354,4,4,0,0,2025-03-08,2025-03-28
8808024033439,4,4,0,0,2025-06-09,2025-10-24
8809520491433,3,4,1,0,2025-10-26,2025-11-03
8801069422756,3,3,0,0,2025-08-21,2025-08-28
8801104952392,3,3,0,0,2026-02-13,2026-02-21
8801753111966,3,3,0,0,2025-08-18,2025-08-23
8805489004943,3,3,0,0,2025-08-13,2025-10-24
8809184809629,3,3,0,0,2025-08-23,2026-02-18
8809226406755,2,3,0,0,2025-08-12,2025-09-10
8801104948142,1,3,0,0,2025-12-11,2025-12-11
8801115224624,2,3,0,0,2025-09-04,2025-09-09
8801043071741,2,3,0,0,2025-03-04,2025-03-11
8801073312876,3,3,0,0,2025-03-17,2025-07-31
8801094985202,3,3,0,0,2025-07-10,2026-02-14
8801104241373,3,3,0,1,2026-02-10,2026-02-25
8801115224686,3,3,0,1,2025-05-31,2025-06-28
8802774001359,2,3,0,0,2025-03-21,2025-03-23
8803420905106,3,3,0,0,2025-03-30,2025-04-17
8805489003946,3,3,0,0,2025-05-21,2025-07-06
8850389119617,3,3,0,0,2025-03-05,2025-03-23
8801001237974,2,2,0,0,2026-01-22,2026-01-22
8806002017990,2,2,0,0,2026-01-06,2026-01-06
8806004001126,2,2,0,0,2026-02-26,2026-02-28
8806107612052,2,2,0,0,2025-08-15,2026-02-15
4902494070131,1,2,0,0,2025-08-21,2025-08-21
8801115140214,1,2,0,0,2026-02-28,2026-02-28
8801382149835,1,2,0,0,2025-08-10,2025-08-10
8809274516376,2,2,0,0,2025-10-26,2025-10-31
8809596937644,2,2,0,0,2026-02-27,2026-02-28
8801001235703,2,2,0,0,2025-08-17,2025-09-05
8801043072236,2,2,0,0,2025-04-18,2025-04-26
8801056240851,1,2,0,0,2025-04-06,2025-04-06
8801104949149,2,2,0,0,2025-03-31,2025-04-06
8801115134237,1,2,0,0,2025-03-09,2025-03-09
8801157471178,1,2,0,0,2025-03-24,2025-03-24
8806011415992,2,2,0,0,2025-04-25,2025-05-23
8809253649484,1,2,0,0,2025-05-14,2025-05-14
8809948522931,2,2,0,0,2025-05-08,2025-05-12
8800244140447,1,1,0,0,2025-08-16,2025-08-16
8801858048600,1,1,0,6,2026-02-25,2026-02-25
8801033804694,1,1,0,0,2025-08-19,2025-08-19
8801056086558,1,1,0,0,2026-02-18,2026-02-18
8801121022375,1,1,0,0,2025-12-22,2025-12-22
8801155731632,1,1,0,0,2025-11-26,2025-11-26
8809125060645,1,1,0,0,2025-08-16,2025-08-16
8007885200121,1,1,0,0,2025-08-27,2025-08-27
8801001236328,1,1,0,0,2025-03-06,2025-03-06
8801033812439,1,1,0,0,2026-02-03,2026-02-03
8801121025666,1,1,0,0,2025-06-18,2025-06-18
8801121103661,1,1,0,0,2026-03-01,2026-03-01
8801392130045,1,1,0,0,2026-02-22,2026-02-22
8801392130069,1,1,0,0,2026-02-22,2026-02-22
8802774002127,1,1,0,0,2025-10-03,2025-10-03
8802774002202,1,1,0,0,2025-08-10,2025-08-10
8803420904482,1,1,0,0,2025-05-27,2025-05-27
8809345610835,1,1,0,0,2025-11-29,2025-11-29
8809650040884,1,1,0,0,2025-05-26,2025-05-26
8809948525857,1,1,0,0,2025-10-13,2025-10-13
8809965480191,1,1,0,0,2025-06-26,2025-06-26
